VNIN() (Iin=1.9e-06) X,VNIN() (Iin=1.9e-06) Y
1,2.954479944997667e-10
1.023059729842509,2.920994772291557e-10
1.046651210825427,2.887889145324741e-10
1.070786704986395,2.855158762446018e-10
1.095478757122332,2.822799370762084e-10
1.12074020130978,2.790806765585719e-10
1.146584167575622,2.759176789889225e-10
1.173024088721613,2.727905333763912e-10
1.200073707306289,2.696988333885527e-10
1.227747082787869,2.666421772986879e-10
1.256058598831886,2.636201679336351e-10
1.285022970787309,2.606324126221587e-10
1.314655253335082,2.576785231437578e-10
1.344970848313024,2.547581156784714e-10
1.375985512721172,2.518708107568688e-10
1.407715366911727,2.490162332107444e-10
1.44017690296786,2.461940121244477e-10
1.473386993275719,2.434037807866746e-10
1.507362899294123,2.406451766425658e-10
1.542122280526466,2.379178412470719e-10
1.57768320369952,2.352214202178526e-10
1.614064152153895,2.325555631898012e-10
1.651284035451041,2.299199237689767e-10
1.689362199201789,2.27314159487915e-10
1.728318435121529,2.247379317609297e-10
1.768172991317259,2.221909058404201e-10
1.808946582811855,2.196727507731039e-10
1.850660402311025,2.171831393569917e-10
1.893336131218546,2.147217480991499e-10
1.936995950905506,2.122882571732523e-10
1.98166255423942,2.098823503786487e-10
2.027359157379196,2.075037150984648e-10
2.074109511842097,2.05152042259663e-10
2.121937916848953,2.028270262925695e-10
2.170869231954065,2.005283650912004e-10
2.22092888996634,1.982557599741825e-10
2.272142910168386,1.960089156454895e-10
2.32453791184044,1.937875401566022e-10
2.37814112809615,1.915913448683872e-10
2.432980420037406,1.894200444134377e-10
2.489084291235582,1.87273356659183e-10
2.546481902546706,1.851510026710078e-10
2.60520308726827,1.830527066763859e-10
2.665278366645546,1.809781960286985e-10
2.726738965735475,1.789272011718019e-10
2.789616829636377,1.768994556054052e-10
2.853944640091907,1.748946958499707e-10
2.919755832477902,1.729126614126651e-10
2.987084613180931,1.709530947536177e-10
3.055965977377597,1.690157412522198e-10
3.126435727223822,1.67100349174467e-10
3.198530490463571,1.652066696394993e-10
3.272287739466687,1.63334456588163e-10
3.347745810705742,1.614834667502952e-10
3.424943924682006,1.596534596135824e-10
3.503922206310914,1.578441973921254e-10
3.584721705777611,1.560554449955268e-10
3.667384419873419,1.54286969998269e-10
3.751953313824325,1.525385426098534e-10
3.838472343622819,1.508099356444808e-10
3.926986478874702,1.49100924491987e-10
4.017541726172737,1.474112870882188e-10
4.110185153009286,1.457408038864718e-10
4.20496491224037,1.440892578290405e-10
4.30193026711386,1.424564343185372e-10
4.401131616874816,1.40842121190589e-10
4.502620522961273,1.392461086859366e-10
4.606449735804095,1.37668189423193e-10
4.712673222244832,1.361081583719431e-10
4.821346193585822,1.34565812826321e-10
4.932525134287118,1.33040952378174e-10
5.046267831325163,1.315333788914936e-10
5.162633404228463,1.300428964764958e-10
5.281682335805882,1.28569311464058e-10
5.403476503583515,1.271124323807352e-10
5.528079211966493,1.256720699237118e-10
5.655555225142428,1.242480369364605e-10
5.7859708007436,1.228401483840546e-10
5.919393724285391,1.214482213295284e-10
6.055893344398853,1.200720749097224e-10
6.195540608875736,1.187115303120847e-10
6.338408101544702,1.173664107512765e-10
6.484570079997891,1.160365414462853e-10
6.634102514187457,1.147217495975904e-10
6.787083125912126,1.134218643648737e-10
6.943591429214308,1.121367168446585e-10
7.103708771708749,1.108661400485448e-10
7.267518376864211,1.096099688813298e-10
7.435105387260166,1.083680401196466e-10
7.606556908840965,1.071401923907345e-10
7.781962056190506,1.059262661515883e-10
7.961411998850911,1.047261036679441e-10
8.145000008709319,1.035395489940409e-10
8.332821508477386,1.023664479523438e-10
8.52497412128872,1.012066481133699e-10
8.721557721440014,1.000599987759152e-10
8.922674486302265,9.892635094765236e-11
9.12842894942904,9.780555732543154e-11
9.338928054889408,9.669747227650801e-11
9.554281212853782,9.560195181942963e-11
9.774600356461546,9.451885360524204e-11
10.00000000000004,9.34480368991674e-11
10.23059729842512,9.23893625622862e-11
10.4665121082543,9.134269303340215e-11
10.70786704986399,9.030789231107498e-11
10.95478757122336,8.928482593622765e-11
11.20740201309784,8.827336097444085e-11
11.46584167575626,8.727336599869334e-11
11.73024088721618,8.628471107238368e-11
12.00073707306293,8.530726773245175e-11
12.27747082787874,8.434090897250612e-11
12.5605859883189,8.338550922661225e-11
12.85022970787314,8.244094435267084e-11
13.14655253335087,8.150709161651395e-11
13.44970848313029,8.05838296758339e-11
13.75985512721177,7.967103856446439e-11
14.07715366911733,7.876859967680121e-11
14.40176902967865,7.787639575237943e-11
14.73386993275725,7.699431086060992e-11
15.07362899294129,7.612223038574982e-11
15.42122280526472,7.526004101195962e-11
15.77683203699526,7.440763070867795e-11
16.140641521539,7.356488871596166e-11
16.51284035451047,7.273170553011408e-11
16.89362199201796,7.190797288953609e-11
17.28318435121535,7.109358376057035e-11
17.68172991317265,7.028843232359091e-11
18.08946582811861,6.949241395937947e-11
18.50660402311032,6.870542523530843e-11
18.93336131218553,6.792736389207834e-11
19.36995950905513,6.715812883045005e-11
19.81662554239427,6.639762009796254e-11
20.27359157379204,6.564573887603434e-11
20.74109511842104,6.490238746711109e-11
21.2193791684896,6.416746928199602e-11
21.70869231954073,6.344088882722652e-11
22.20928889966348,6.272255169275063e-11
22.72142910168394,6.20123645396076e-11
23.24537911840449,6.13102350878001e-11
23.78141128096158,6.061607210432856e-11
24.32980420037415,5.992978539135205e-11
24.8908429123559,5.925128577436813e-11
25.46481902546715,5.858048509076132e-11
26.0520308726828,5.791729617824081e-11
26.65278366645556,5.726163286359076e-11
27.26738965735485,5.6613409951409e-11
27.89616829636386,5.597254321306514e-11
28.53944640091917,5.533894937576787e-11
29.19755832477912,5.471254611175977e-11
29.87084613180941,5.409325202751916e-11
30.55965977377608,5.348098665334067e-11
31.26435727223833,5.287567043273151e-11
31.98530490463582,5.227722471214998e-11
32.72287739466699,5.168557173081273e-11
33.47745810705754,5.110063461047471e-11
34.24943924682018,5.052233734557282e-11
35.03922206310926,4.99506047932727e-11
35.84721705777623,4.93853626637161e-11
36.67384419873432,4.882653751038885e-11
37.51953313824338,4.827405672052526e-11
38.38472343622832,4.772784850574744e-11
39.26986478874716,4.718784189268072e-11
40.17541726172751,4.66539667137247e-11
41.101851530093,4.612615359799001e-11
42.04964912240384,4.560433396226005e-11
43.01930267113875,4.508844000201861e-11
44.01131616874832,4.45784046827351e-11
45.02620522961289,4.407416173108683e-11
46.06449735804111,4.357564562636639e-11
47.12673222244849,4.308279159198732e-11
48.2134619358584,4.25955355870338e-11
49.32525134287136,4.211381429794416e-11
50.46267831325181,4.163756513031184e-11
51.62633404228481,4.116672620072174e-11
52.816823358059,4.070123632869622e-11
54.03476503583534,4.024103502878133e-11
55.28079211966514,3.978606250269361e-11
56.55555225142449,3.933625963147754e-11
57.85970800743622,3.889156796790907e-11
59.19393724285413,3.845192972882498e-11
60.55893344398875,3.801728778768936e-11
61.95540608875759,3.758758566710483e-11
63.38408101544725,3.716276753148569e-11
64.84570079997914,3.674277817985064e-11
66.34102514187481,3.632756303856846e-11
67.87083125912152,3.591706815432643e-11
69.43591429214335,3.551124018710273e-11
71.03708771708776,3.511002640321496e-11
72.67518376864238,3.471337466850701e-11
74.35105387260194,3.432123344151847e-11
76.06556908840994,3.393355176682915e-11
77.81962056190535,3.355027926840774e-11
79.61411998850942,3.317136614310865e-11
81.4500000870935,3.279676315413348e-11
83.32821508477417,3.242642162468301e-11
85.24974121288751,3.206029343160552e-11
87.21557721440047,3.169833099915556e-11
89.22674486302299,3.134048729279517e-11
91.28428949429073,3.098671581309478e-11
93.38928054889442,3.063697058966498e-11
95.54281212853817,3.029120617521239e-11
97.74600356461582,2.994937763961385e-11
100.0000000000007,2.961144056407938e-11
102.3059729842516,2.927735103534636e-11
104.6651210825434,2.894706564004296e-11
107.0786704986403,2.862054145897904e-11
109.547875712234,2.829773606159443e-11
112.0740201309788,2.797860750041358e-11
114.658416757563,2.766311430564478e-11
117.3024088721622,2.735121547974371e-11
120.0073707306297,2.70428704920931e-11
122.7747082787878,2.673803927372231e-11
125.6058598831895,2.64366822121536e-11
128.5022970787318,2.613876014615657e-11
131.4655253335092,2.584423436072746e-11
134.4970848313033,2.555306658204675e-11
137.5985512721182,2.526521897245636e-11
140.7715366911738,2.498065412559349e-11
144.017690296787,2.469933506148913e-11
147.338699327573,2.442122522178551e-11
150.7362899294134,2.4146288464941e-11
154.2122280526478,2.387448906156835e-11
157.7683203699531,2.360579168977206e-11
161.4064152153906,2.33401614305493e-11
165.1284035451052,2.307756376323914e-11
168.9362199201801,2.281796456105578e-11
172.8318435121541,2.256133008662722e-11
176.8172991317271,2.230762698761133e-11
180.8946582811867,2.205682229235167e-11
185.0660402311038,2.18088834055865e-11
189.3336131218559,2.156377810422529e-11
193.699595090552,2.132147453312839e-11
198.1662554239434,2.108194120095389e-11
202.7359157379211,2.08451469761115e-11
207.4109511842111,2.061106108262789e-11
212.1937916848968,2.037965309621193e-11
217.086923195408,2.015089294026647e-11
222.0928889966356,1.992475088193895e-11
227.2142910168402,1.970119752830773e-11
232.4537911840457,1.948020382251467e-11
237.8141128096167,1.92617410399817e-11
243.2980420037423,1.904578078467245e-11
248.9084291235599,1.8832294985409e-11
254.6481902546724,1.862125589218459e-11
260.5203087268289,1.841263607256595e-11
266.5278366645565,1.820640840811071e-11
272.6738965735494,1.800254609082678e-11
278.9616829636396,1.780102261968905e-11
285.3944640091926,1.760181179717754e-11
291.9755832477921,1.740488772584904e-11
298.7084613180951,1.721022480497432e-11
305.5965977377618,1.701779772717913e-11
312.6435727223844,1.682758147516582e-11
319.8530490463592,1.663955131842277e-11
327.2287739466709,1.645368281001987e-11
334.7745810705765,1.626995178339121e-11
342.4943924682029,1.60883343491784e-11
350.3922206310938,1.590880689214975e-11
358.4721705777634,1.573134606805438e-11
366.7384419873443,1.555592880061392e-11
375.195331382435,1.53825322784888e-11
383.8472343622844,1.521113395229968e-11
392.6986478874728,1.504171153165897e-11
401.7541726172764,1.487424298229007e-11
411.0185153009313,1.470870652310774e-11
420.4964912240398,1.454508062337999e-11
430.1930267113889,1.438334399991279e-11
440.1131616874846,1.422347561424804e-11
450.2620522961303,1.406545466991173e-11
460.6449735804126,1.390926060969176e-11
471.2673222244864,1.375487311293411e-11
482.1346193585855,1.360227209287303e-11
493.2525134287152,1.345143769399992e-11
504.6267831325197,1.330235028944768e-11
516.2633404228498,1.315499047842509e-11
528.1682335805917,1.300933908364867e-11
540.3476503583552,1.286537714882517e-11
552.8079211966532,1.272308593616006e-11
565.5555225142468,1.258244692388869e-11
578.5970800743642,1.244344180382626e-11
591.9393724285433,1.23060524789705e-11
605.5893344398895,1.217026106109844e-11
619.554060887578,1.203604986840922e-11
633.8408101544746,1.190340142318637e-11
648.4570079997936,1.17722984494971e-11
663.4102514187502,1.164272387089333e-11
678.7083125912174,1.151466080815326e-11
694.3591429214357,1.138809257704863e-11
710.3708771708798,1.126300268612751e-11
726.7518376864261,1.113937483453883e-11
743.5105387260218,1.101719290983806e-11
760.6556908841019,1.089644098587871e-11
778.1962056190559,1.077710332066439e-11
796.1411998850966,1.0659164354264e-11
814.5000008709376,1.054260870674225e-11
833.2821508477444,1.04274211760872e-11
852.497412128878,1.031358673620771e-11
872.1557721440076,1.020109053489123e-11
892.2674486302329,1.008991789183222e-11
912.8428949429106,9.980054296657536e-12
933.8928054889475,9.871485406985729e-12
955.428121285385,9.76419704648376e-12
977.4600356461616,9.658175202972684e-12
1000.000000000011,9.553406026529411e-12
1023.05972984252,9.449875827617882e-12
1046.651210825438,9.347571075236711e-12
1070.786704986407,9.246478395096821e-12
1095.478757122344,9.146584567786834e-12
1120.740201309792,9.047876526996652e-12
1146.584167575635,8.950341357733742e-12
1173.024088721626,8.853966294540313e-12
1200.073707306302,8.758738719796159e-12
1227.747082787883,8.664646161937099e-12
1256.0585988319,8.571676293792716e-12
1285.022970787323,8.479816930861119e-12
1314.655253335097,8.389056029640498e-12
1344.970848313039,8.299381685975497e-12
1375.985512721187,8.210782133399528e-12
1407.715366911743,8.123245741512986e-12
1440.176902967876,8.0367610143656e-12
1473.386993275736,7.951316588852491e-12
1507.36289929414,7.866901233134311e-12
1542.122280526484,7.783503845060237e-12
1577.683203699538,7.701113450618349e-12
1614.064152153913,7.619719202386052e-12
1651.284035451059,7.539310377999329e-12
1689.362199201808,7.459876378649944e-12
1728.318435121548,7.381406727565468e-12
1768.172991317278,7.303891068531982e-12
1808.946582811875,7.227319164413377e-12
1850.660402311046,7.151680895689406e-12
1893.336131218567,7.076966258999302e-12
1936.995950905528,7.003165365713037e-12
1981.662554239442,6.930268440487972e-12
2027.359157379219,6.858265819871677e-12
2074.10951184212,6.787147950882001e-12
2121.937916848977,6.71690538962906e-12
2170.86923195409,6.647528799921677e-12
2220.928889966365,6.579008951905294e-12
2272.142910168412,6.51133672069854e-12
2324.537911840467,6.444503085052373e-12
2378.141128096177,6.378499126002306e-12
2432.980420037434,6.313316025548663e-12
2489.08429123561,6.248945065329447e-12
2546.481902546735,6.185377625332779e-12
2605.2030872683,6.122605182582253e-12
2665.278366645577,6.060619309851133e-12
2726.738965735506,5.999411674396013e-12
2789.616829636408,5.93897403668257e-12
2853.944640091939,5.879298249121607e-12
2919.755832477935,5.820376254836004e-12
2987.084613180965,5.762200086403241e-12
3055.965977377632,5.704761864636296e-12
3126.435727223858,5.648053797363539e-12
3198.530490463607,5.592068178209539e-12
3272.287739466724,5.536797385396482e-12
3347.74581070578,5.482233880547307e-12
3424.943924682045,5.428370207512489e-12
3503.922206310954,5.375198991171308e-12
3584.721705777652,5.322712936287651e-12
3667.384419873461,5.270904826338476e-12
3751.953313824368,5.219767522367302e-12
3838.472343622863,5.16929396184258e-12
3926.986478874747,5.119477157532061e-12
4017.541726172783,5.070310196368072e-12
4110.185153009333,5.021786238345478e-12
4204.964912240418,4.973898515408003e-12
4301.93026711391,4.926640330358719e-12
4401.131616874868,4.880005055768257e-12
4502.620522961325,4.833986132896725e-12
4606.449735804148,4.788577070631835e-12
4712.673222244887,4.74377144442224e-12
4821.346193585879,4.699562895232552e-12
4932.525134287176,4.655945128499271e-12
5046.267831325222,4.612911913103744e-12
5162.633404228523,4.570457080350168e-12
5281.682335805944,4.528574522956659e-12
5403.476503583578,4.487258194052059e-12
5528.079211966558,4.446502106188038e-12
5655.555225142495,4.406300330358671e-12
5785.970800743669,4.36664699503217e-12
5919.393724285462,4.327536285190909e-12
6055.893344398925,4.288962441387809e-12
6195.54060887581,4.250919758809049e-12
6338.408101544777,4.213402586349893e-12
6484.570079997968,4.176405325703667e-12
6634.102514187535,4.139922430457823e-12
6787.083125912207,4.103948405214016e-12
6943.591429214391,4.068477804702601e-12
7103.708771708833,4.033505232926265e-12
7267.518376864296,3.999025342310102e-12
7435.105387260253,3.965032832863663e-12
7606.556908841055,3.931522451357245e-12
7781.962056190597,3.898488990512937e-12
7961.411998851005,3.865927288217035e-12
8145.000008709415,3.83383222672453e-12
8332.821508477484,3.802198731906366e-12
8524.97412128882,3.771021772493622e-12
8721.557721440118,3.740296359339814e-12
8922.674486302372,3.710017544702367e-12
9128.42894942915,3.680180421538184e-12
9338.92805488952,3.650780122814227e-12
9554.281212853897,3.621811820831596e-12
9774.600356461664,3.593270726575328e-12
10000.00000000016,3.565152089068578e-12
10230.59729842525,3.53745119475299e-12
10466.51210825443,3.510163366882365e-12
10707.86704986412,3.483283964934676e-12
10954.78757122349,3.456808384040151e-12
11207.40201309798,3.430732054426043e-12
11465.8416757564,3.405050440885665e-12
11730.24088721632,3.379759042256713e-12
12000.73707306308,3.35485339092332e-12
12277.47082787889,3.33032905233353e-12
12560.58598831906,3.306181624537757e-12
12850.22970787329,3.282406737742969e-12
13146.55253335103,3.259000053887411e-12
13449.70848313045,3.23595726622814e-12
13759.85512721193,3.213274098958723e-12
14077.1536691175,3.190946306833373e-12
14401.76902967883,3.168969674813238e-12
14733.86993275743,3.147340017735726e-12
15073.62899294147,3.126053179995972e-12
15421.22280526491,3.105105035248604e-12
15776.83203699545,3.08449148612947e-12
16140.6415215392,3.064208463991197e-12
16512.84035451067,3.044251928660343e-12
16893.62199201816,3.024617868207974e-12
17283.18435121556,3.005302298744739e-12
17681.72991317287,2.986301264220723e-12
18089.46582811883,2.96761083625606e-12
18506.60402311055,2.949227113974952e-12
18933.36131218576,2.931146223867662e-12
19369.95950905537,2.913364319657085e-12
19816.62554239451,2.895877582188684e-12
20273.59157379229,2.878682219333754e-12
20741.0951184213,2.8617744659011e-12
21219.37916848987,2.845150583571024e-12
21708.692319541,2.828806860839748e-12
22209.28889966376,2.812739612974922e-12
22721.42910168423,2.796945181984157e-12
23245.37911840478,2.781419936600068e-12
23781.41128096188,2.766160272270018e-12
24329.80420037445,2.751162611162999e-12
24890.84291235621,2.73642340218183e-12
25464.81902546747,2.721939120989485e-12
26052.03087268312,2.707706270040093e-12
26652.78366645589,2.69372137862441e-12
27267.38965735518,2.67998100291729e-12
27896.16829636421,2.666481726036416e-12
28539.44640091952,2.653220158106471e-12
29197.55832477947,2.640192936329425e-12
29870.84613180978,2.627396725062237e-12
30559.65977377645,2.614828215895148e-12
31264.35727223871,2.602484127739007e-12
31985.30490463621,2.590361206914167e-12
32722.87739466738,2.578456227240965e-12
33477.45810705794,2.566765990136613e-12
34249.4392468206,2.55528732471026e-12
35039.22206310969,2.544017087859779e-12
35847.21705777667,2.532952164372561e-12
36673.84419873476,2.522089467020963e-12
37519.53313824384,2.511425936662872e-12
38384.72343622879,2.500958542336322e-12
39269.86478874764,2.490684281356369e-12
40175.417261728,2.480600179408928e-12
41101.8515300935,2.47070329063855e-12
42049.64912240436,2.460990697739844e-12
43019.30267113928,2.451459512037675e-12
44011.31616874886,2.442106873570872e-12
45026.20522961344,2.432929951164794e-12
46064.49735804168,2.423925942504498e-12
47126.73222244907,2.415092074198813e-12
48213.46193585899,2.406425601839795e-12
49325.25134287197,2.397923810058662e-12
50462.67831325243,2.389584012572362e-12
51626.33404228545,2.381403552224022e-12
52816.82335805965,2.373379801018314e-12
54034.765035836,2.365510160147878e-12
55280.79211966581,2.357792060014165e-12
56555.55225142519,2.350222960236782e-12
57859.70800743693,2.34280034966155e-12
59193.93724285486,2.335521746354193e-12
60558.9334439895,2.328384697589988e-12
61955.40608875836,2.321386779832754e-12
63384.08101544804,2.314525598707822e-12
64845.70079997995,2.30779878896418e-12
66341.02514187564,2.301204014429158e-12
67870.83125912237,2.294738967957066e-12
69435.91429214421,2.288401371363378e-12
71037.08771708864,2.282188975356465e-12
72675.18376864328,2.276099559456699e-12
74351.05387260286,2.270130931909573e-12
76065.56908841089,2.264280929588662e-12
77819.62056190633,2.258547417889942e-12
79614.11998851041,2.25292829062139e-12
81450.00008709452,2.247421469878335e-12
83328.21508477522,2.242024905915646e-12
85249.74121288859,2.236736577010378e-12
87215.57721440158,2.23155448931575e-12
89226.74486302413,2.226476676708629e-12
91284.28949429191,2.221501200628644e-12
93389.28054889562,2.216626149910493e-12
95542.8121285394,2.211849640608831e-12
97746.00356461707,2.207169815817476e-12
100000.000000002,2.20258484547852e-12
102305.9729842529,2.198092926189993e-12
104665.1210825448,2.19369228100212e-12
107078.6704986417,2.189381159211924e-12
109547.8757122354,2.1851578361495e-12
112074.0201309803,2.181020612959286e-12
114658.4167575645,2.176967816377156e-12
117302.4088721637,2.172997798501669e-12
120007.3707306313,2.169108936561914e-12
122774.7082787894,2.165299632679205e-12
125605.8598831911,2.161568313626833e-12
128502.2970787335,2.157913430585724e-12
131465.5253335109,2.15433345889584e-12
134497.0848313051,2.150826897805871e-12
137598.5512721199,2.147392270220921e-12
140771.5366911756,2.144028122446368e-12
144017.6902967889,2.140733023931554e-12
147338.6993275749,2.137505567011404e-12
150736.2899294154,2.134344366647888e-12
154212.2280526498,2.131248060170515e-12
157768.3203699552,2.128215307017413e-12
161406.4152153927,2.125244788476236e-12
165128.4035451074,2.122335207427213e-12
168936.2199201823,2.119485288086764e-12
172831.8435121564,2.116693775753868e-12
176817.2991317294,2.113959436559535e-12
180894.6582811891,2.111281057218089e-12
185066.0402311062,2.10865744478436e-12
189333.6131218584,2.106087426413639e-12
193699.5950905545,2.103569849128337e-12
198166.255423946,2.101103579590161e-12
202735.9157379237,2.098687503878082e-12
207410.9511842138,2.096320527275918e-12
212193.7916848995,2.09400157406561e-12
217086.9231954108,2.091729587332013e-12
222092.8889966384,2.089503528776739e-12
227214.2910168431,2.087322378542372e-12
232453.7911840487,2.085185135050262e-12
237814.1128096197,2.083090814849952e-12
243298.0420037454,2.081038452483012e-12
248908.4291235631,2.079027100363226e-12
254648.1902546756,2.077055828670504e-12
260520.3087268322,2.075123725265451e-12
266527.8366645598,2.073229895619825e-12
272673.8965735529,2.071373462769129e-12
278961.6829636431,2.069553567285648e-12
285394.4640091963,2.06776936727346e-12
291975.5832477959,2.066020038389028e-12
298708.4613180989,2.064304773885913e-12
305596.5977377658,2.062622784686438e-12
312643.5727223884,2.060973299482558e-12
319853.0490463634,2.059355564865164e-12
327228.7739466752,2.057768845485395e-12
334774.5810705808,2.056212424247468e-12
342494.3924682074,2.054685602536475e-12
350392.2206310984,2.053187700480236e-12
358472.1705777682,2.051718057248444e-12
366738.4419873492,2.050276031388563e-12
375195.33138244,2.048861001200832e-12
383847.2343622895,2.047472365153121e-12
392698.647887478,2.046109542335515e-12
401754.1726172817,2.044771972956558e-12
411018.5153009368,2.043459118880464e-12
420496.4912240453,2.042170464207059e-12
430193.0267113946,2.040905515892161e-12
440113.1616874905,2.039663804411062e-12
450262.0522961363,2.038444884461755e-12
460644.9735804187,2.037248335708778e-12
471267.3222244927,2.036073763566098e-12
482134.6193585919,2.034920800017154e-12
493252.5134287218,2.033789104470191e-12
504626.7831325264,2.032678364647186e-12
516263.3404228567,2.031588297501986e-12
528168.2335805988,2.030518650166406e-12
540347.6503583625,2.029469200919048e-12
552807.9211966606,2.028439760173717e-12
565555.5225142544,2.027430171482443e-12
578597.0800743719,2.026440312548358e-12
591939.3724285512,2.025470096243151e-12
605589.3344398977,2.024519471623579e-12
619554.0608875863,2.023588424940921e-12
633840.8101544832,2.022676980637355e-12
648457.0079998024,2.021785202323117e-12
663410.2514187592,2.020913193727787e-12
678708.3125912265,2.020061099619682e-12
694359.1429214451,2.019229106686674e-12
710370.8771708894,2.018417444372933e-12
726751.837686436,2.017626385665661e-12
743510.5387260319,2.016856247826353e-12
760655.6908841123,2.016107393062643e-12
778196.2056190666,2.015380229136235e-12
796141.1998851076,2.014675209903959e-12
814500.0008709488,2.013992835790438e-12
833282.1508477558,2.013333654190653e-12
852497.4121288896,2.012698259803037e-12
872155.7721440195,2.012087294894711e-12
892267.4486302451,2.011501449501383e-12
912842.8949429229,2.010941461566603e-12
933892.8054889601,2.010408117025976e-12
955428.1212853979,2.009902249843364e-12
977460.0356461747,2.009424742008265e-12
1000000.000000024,2.008976523503885e-12
1023059.729842533,2.008558572257713e-12
1046651.210825452,2.008171914087076e-12
1070786.704986422,2.007817622653373e-12
1095478.757122359,2.007496819439721e-12
1120740.201309807,2.007210673767466e-12
1146584.16757565,2.006960402867447e-12
1173024.088721642,2.006747272022383e-12
1200073.707306318,2.006572594797041e-12
1227747.082787899,2.006437733372277e-12
1256058.598831916,2.006344098999198e-12
1285022.97078734,2.00629315258888e-12
1314655.253335114,2.006286405452249e-12
1344970.848313056,2.00632542020405e-12
1375985.512721205,2.006411811843154e-12
1407715.366911762,2.006547249020767e-12
1440176.902967895,2.006733455505804e-12
1473386.993275755,2.006972211855993e-12
1507362.89929416,2.007265357300679e-12
1542122.280526504,2.00761479184029e-12
1577683.203699558,2.008022478565108e-12
1614064.152153934,2.008490446194417e-12
1651284.035451081,2.009020791835281e-12
1689362.19920183,2.009615683958387e-12
1728318.435121571,2.010277365586735e-12
1768172.991317301,2.011008157691322e-12
1808946.582811899,2.011810462786333e-12
1850660.40231107,2.01268676871512e-12
1893336.131218592,2.013639652616581e-12
1936995.950905553,2.014671785060622e-12
1981662.554239468,2.01578593433993e-12
2027359.157379246,2.016984970904386e-12
2074109.511842147,2.01827187192351e-12
2121937.916849004,2.019649725961093e-12
2170869.231954118,2.021121737745833e-12
2220928.889966394,2.022691233020323e-12
2272142.910168441,2.024361663450569e-12
2324537.911840497,2.026136611577022e-12
2378141.128096208,2.028019795787447e-12
2432980.420037465,2.030015075291189e-12
2489084.291235642,2.032126455073464e-12
2546481.902546768,2.034358090807564e-12
2605203.087268334,2.036714293701668e-12
2665278.366645611,2.039199535256151e-12
2726738.965735541,2.041818451906143e-12
2789616.829636444,2.044575849522809e-12
2853944.640091976,2.047476707745543e-12
2919755.832477972,2.050526184116146e-12
2987084.613181003,2.053729617984234e-12
3055965.977377671,2.057092534151884e-12
3126435.727223898,2.060620646223782e-12
3198530.490463648,2.064319859627552e-12
3272287.739466767,2.068196274267038e-12
3347745.810705824,2.072256186769807e-12
3424943.92468209,2.076506092288104e-12
3503922.206311,2.080952685810975e-12
3584721.705777698,2.085602862943363e-12
3667384.419873509,2.0904637201063e-12
3751953.313824417,2.095542554110891e-12
3838472.343622913,2.100846861057284e-12
3926986.478874798,2.1063843345084e-12
4017541.726172835,2.112162862887319e-12
4110185.153009386,2.118190526046392e-12
4204964.912240472,2.124475590955483e-12
4301930.267113965,2.131026506456638e-12
4401131.616874924,2.137851897032951e-12
4502620.522961383,2.144960555539553e-12
4606449.735804207,2.152361434846371e-12
4712673.222244947,2.160063638343617e-12
4821346.19358594,2.16807640926354e-12
4932525.134287239,2.176409118774739e-12
5046267.831325286,2.185071252809106e-12
5162633.404228589,2.194072397585915e-12
5281682.33580601,2.203422223802542e-12
5403476.503583646,2.213130469467483e-12
5528079.211966628,2.223206921358063e-12
5655555.225142566,2.233661395092978e-12
5785970.800743742,2.24450371381824e-12
5919393.724285536,2.255743685514738e-12
6055893.344399001,2.267391078945909e-12
6195540.608875887,2.279455598274958e-12
6338408.101544857,2.291946856393538e-12
6484570.079998049,2.304874347016257e-12
6634102.514187618,2.318247415609127e-12
6787083.125912292,2.332075229234297e-12
6943591.429214478,2.346366745408305e-12
7103708.771708922,2.361130680086408e-12
7267518.376864389,2.376375474901409e-12
7435105.387260348,2.392109263801377e-12
7606556.908841152,2.408339839247049e-12
7781962.056190696,2.425074618145773e-12
7961411.998851106,2.442320607714978e-12
8145000.008709518,2.460084371484161e-12
8332821.50847759,2.478371995659234e-12
8524974.121288927,2.497189056088059e-12
8721557.721440228,2.516540586079439e-12
8922674.486302484,2.536431045340538e-12
9128428.949429262,2.556864290308813e-12
9338928.054889636,2.577843546164587e-12
9554281.212854015,2.599371380817847e-12
9774600.356461784,2.621449681169347e-12
10000000.00000028,2.644079631949475e-12
10230597.29842537,2.667261697439858e-12
10466512.10825456,2.690995606381269e-12
10707867.04986426,2.715280340367296e-12
10954787.57122363,2.740114126016125e-12
11207402.01309811,2.765494431202217e-12
11465841.67575654,2.791417965616269e-12
11730240.88721646,2.817880685904565e-12
12000737.07306322,2.844877805618347e-12
12277470.82787904,2.872403810179747e-12
12560585.98831921,2.900452477043264e-12
12850229.70787345,2.929016901200886e-12
13146552.53335119,2.958089526144715e-12
13449708.48313062,2.987662180363756e-12
13759855.1272121,3.01772611941164e-12
14077153.66911767,3.048272073539361e-12
14401769.029679,3.079290300843085e-12
14733869.93275761,3.110770645830729e-12
15073628.99294166,3.142702603264261e-12
15421222.8052651,3.175075387087285e-12
15776832.03699564,3.2078780042002e-12
16140641.5215394,3.241099332799112e-12
16512840.35451087,3.274728204950027e-12
16893621.99201836,3.308753493027393e-12
17283184.35121577,3.343164199606971e-12
17681729.91317308,3.37794955036713e-12
18089465.82811905,3.413099089521523e-12
18506604.02311077,3.448602777279473e-12
18933361.31218598,3.48445108880938e-12
19369959.5090556,3.52063511416503e-12
19816625.54239475,3.557146658625374e-12
20273591.57379253,3.593978342895228e-12
20741095.11842154,3.631123702617495e-12
21219379.16849012,3.668577286656813e-12
21708692.31954126,3.706334753629986e-12
22209288.89966402,3.744392966179466e-12
22721429.1016845,3.782750082512629e-12
23245379.11840505,3.821405644760602e-12
23781411.28096216,3.860360663745699e-12
24329804.20037473,3.899617699785391e-12
24890842.91235651,3.939180939202297e-12
25464819.02546777,3.979056266253522e-12
26052030.87268343,4.019251330237749e-12
26652783.6664562,4.059775607584446e-12
27267389.65735551,4.100640458775314e-12
27896168.29636454,4.141859179993551e-12
28539446.40091986,4.1834470494406e-12
29197558.32477982,4.225421368302717e-12
29870846.13181013,4.267801496390372e-12
30559659.77377682,4.310608882511795e-12
31264357.27223909,4.353867089678008e-12
31985304.90463659,4.397601815270005e-12
32722877.39466778,4.441840906329433e-12
33477458.10705835,4.486614370162315e-12
34249439.24682102,4.531954380470993e-12
35039222.06311012,4.577895279252877e-12
35847217.05777711,4.624473574725723e-12
36673844.19873521,4.671727935558515e-12
37519533.1382443,4.719699181704773e-12
38384723.43622927,4.768430272151361e-12
39269864.78874812,4.817966289911081e-12
40175417.2617285,4.868354424601688e-12
41101851.53009401,4.919643952967722e-12
42049649.12240488,4.971886217714831e-12
43019302.67113981,5.025134605039382e-12
44011316.16874941,5.079444521249294e-12
45026205.229614,5.134873368885088e-12
46064497.35804224,5.191480522763613e-12
47126732.22244965,5.249327306380375e-12
48213461.93585958,5.308476969120449e-12
49325251.34287257,5.368994664742074e-12
50462678.31325305,5.430947431611639e-12
51626334.04228608,5.494404175183614e-12
52816823.3580603,5.559435653234139e-12
54034765.03583667,5.626114464372405e-12
55280792.11966649,5.694515040369646e-12
56555552.25142588,5.764713642861407e-12
57859708.00743764,5.836788364995062e-12
59193937.24285558,5.910819138610811e-12
60558933.44399024,5.986887747561491e-12
61955406.08875911,6.0650778477935e-12
63384081.01544881,6.145474994829341e-12
64845700.79998074,6.22816667931074e-12
66341025.14187644,6.313242371281138e-12
67870831.25912318,6.400793573907227e-12
69435914.29214504,6.490913887361847e-12
71037087.71708949,6.583699083614963e-12
72675183.76864415,6.679247192906274e-12
74351053.87260376,6.777658602702477e-12
76065569.08841181,6.879036169974719e-12
77819620.56190726,6.983485347667992e-12
79614119.98851137,7.091114326274133e-12
81450000.0870955,7.202034191464602e-12
83328215.08477622,7.316359098788074e-12
85249741.21288961,7.434206466492158e-12
87215577.21440262,7.55569718758769e-12
89226744.86302519,7.680955862338981e-12
91284289.49429299,7.810111052433457e-12
93389280.54889673,7.943295558160151e-12
95542812.12854053,8.080646720007285e-12
97746003.56461823,8.222306746175505e-12
100000000.0000032,8.368423067593683e-12
102305972.9842541,8.519148722118656e-12
104665121.082546,8.67464276969741e-12
107078670.498643,8.835070740369235e-12
109547875.7122367,9.000605117084496e-12
112074020.1309816,9.171425855414296e-12
114658416.7575659,9.347720942319688e-12
117302408.8721651,9.529686996236858e-12
120007370.7306327,9.717529910814463e-12
122774708.2787909,9.911465544706088e-12
125605859.8831926,1.011172045987281e-11
128502297.078735,1.03185327108822e-11
131465525.3335124,1.053215268769759e-11
134497084.8313067,1.075284401442914e-11
137598551.2721216,1.098088450646124e-11
140771536.6911773,1.121656718827273e-11
144017690.2967906,1.146020137412115e-11
147338699.3275767,1.171211381356361e-11
150736289.9294172,1.197264990352693e-11
154212228.0526516,1.224217496831297e-11
157768320.3699571,1.252107560852351e-11
161406415.2153946,1.280976111940669e-11
165128403.5451094,1.310866497855786e-11
168936219.9201844,1.341824640224553e-11
172831843.5121585,1.373899196887557e-11
176817299.1317315,1.407141730724889e-11
180894658.2811913,1.441606884631043e-11
185066040.2311085,1.477352562203062e-11
189333613.1218607,1.514440113590949e-11
193699595.0905568,1.552934525835363e-11
198166255.4239483,1.592904616886024e-11
202735915.7379262,1.634423232356183e-11
207410951.1842163,1.677567443926012e-11
212193791.6849021,1.722418748162935e-11
217086923.1954135,1.769063264382451e-11
222092888.9966411,1.817591930031794e-11
227214291.0168459,1.868100691944347e-11
232453791.1840515,1.92069069168859e-11
237814112.8096226,1.975468443125382e-11
243298042.0037484,2.032546000195507e-11
248908429.1235662,2.092041112889514e-11
254648190.2546788,2.154077369307636e-11
260520308.7268354,2.218784321702396e-11
266527836.6645631,2.286297594413171e-11
272673896.5735562,2.356758971652782e-11
278961682.9636466,2.430316463192437e-11
285394464.0091998,2.507124346113613e-11
291975583.2477995,2.587343180953111e-11
298708461.3181027,2.671139800759225e-11
305596597.7377695,2.758687271799791e-11
312643572.7223923,2.850164824913663e-11
319853049.0463673,2.945757756771191e-11
327228773.9466792,3.045657300601567e-11
334774581.0705849,3.150060466249841e-11
342494392.4682116,3.259169849738145e-11
350392220.6311027,3.373193412818132e-11
358472170.5777726,3.492344233309369e-11
366738441.9873536,3.61684022731601e-11
375195331.3824445,3.746903844696938e-11
383847234.3622941,3.882761739428794e-11
392698647.8874827,4.024644416744098e-11
401754172.6172864,4.1727858591457e-11
411018515.3009416,4.327423133593157e-11
420496491.2240503,4.488795982325744e-11
430193026.7113997,4.657146399931227e-11
440113161.6874957,4.832718199389999e-11
450262052.2961417,5.015756569922078e-11
460644973.5804242,5.206507629541375e-11
471267322.2244983,5.405217975278789e-11
482134619.3585976,5.61213423407491e-11
493252513.4287276,5.827502617365101e-11
504626783.1325324,6.051568482385655e-11
516263340.4228628,6.284575903219543e-11
528168233.580605,6.526767254574516e-11
540347650.3583688,6.778382811243526e-11
552807921.1966671,7.039660366137855e-11
565555522.514261,7.310834869704797e-11
578597080.0743786,7.592138093443262e-11
591939372.4285581,7.8837983201109e-11
605589334.4399047,8.186040063073208e-11
619554060.8875935,8.499083817078114e-11
633840810.1544906,8.823145842546579e-11
648457007.9998099,9.15843798525136e-11
663410251.4187669,9.505167533011252e-11
678708312.5912343,9.863537110757302e-11
694359142.9214531,1.023374461503252e-10
710370877.1708976,1.061598318866837e-10
726751837.6864444,1.101044123604251e-10
743510538.7260405,1.14173024789666e-10
760655690.8841209,1.183674605288331e-10
778196205.6190755,1.226894664267304e-10
796141199.8851167,1.271407465698778e-10
814500000.8709581,1.317229643964754e-10
833282150.8477654,1.364377451625851e-10
852497412.1288995,1.41286678738483e-10
872155772.1440296,1.462713227096673e-10
892267448.6302555,1.513932057537632e-10
912842894.9429336,1.566538312615999e-10
933892805.4889711,1.620546811680874e-10
955428121.2854092,1.675972199562285e-10
977460035.6461862,1.732828987957038e-10
1000000000.000036,1.791131597759742e-10
1023059729.842546,1.850894401927844e-10
1046651210.825464,1.912131768463197e-10
1070786704.986434,1.97485810309066e-10
1095478757.122371,2.039087891216379e-10
1120740201.30982,2.104835738754491e-10
1146584167.575664,2.172116411420902e-10
1173024088.721656,2.240944872105844e-10
1200073707.306332,2.311336315953209e-10
1227747082.787914,2.383306202793298e-10
1256058598.831931,2.456870286596452e-10
1285022970.787356,2.532044641637445e-10
1314655253.33513,2.608845685084142e-10
1344970848.313073,2.68729019574812e-10
1375985512.721222,2.767395328759532e-10
1407715366.911779,2.849178625952748e-10
1440176902.967912,2.932658021773199e-10
1473386993.275773,3.017851844538716e-10
1507362899.294178,3.104778812910499e-10
1542122280.526523,3.193458027449249e-10
1577683203.699578,3.283908957150955e-10
1614064152.153953,3.376151420874111e-10
1651284035.451101,3.47020556358576e-10
1689362199.201851,3.566091827367659e-10
1728318435.121592,3.663830917136351e-10
1768172991.317323,3.763443761041578e-10
1808946582.811921,3.864951465517128e-10
1850660402.311093,3.968375264966411e-10
1893336131.218615,4.073736466072539e-10
1936995950.905576,4.181056386729338e-10
1981662554.239492,4.290356289596012e-10
2027359157.37927,4.401657310284482e-10
2074109511.842172,4.514980380194667e-10
2121937916.84903,4.630346144020074e-10
2170869231.954144,4.747774871953879e-10
2220928889.966421,4.867286366634622e-10
2272142910.168469,4.9888998648814e-10
2324537911.840525,5.112633934280779e-10
2378141128.096237,5.238506364702451e-10
2432980420.037495,5.366534054837897e-10
2489084291.235672,5.496732893876267e-10
2546481902.546799,5.629117638455009e-10
2605203087.268366,5.763701785049201e-10
2665278366.645644,5.900497437993765e-10
2726738965.735575,6.039515173366548e-10
2789616829.636478,6.18076389899829e-10
2853944640.092011,6.32425071091724e-10
2919755832.478008,6.469980746582428e-10
2987084613.18104,6.617957035309646e-10
3055965977.377709,6.768180346348462e-10
3126435727.223937,6.920649035126772e-10
3198530490.463687,7.075358888241318e-10
3272287739.466806,7.232302967837735e-10
3347745810.705864,7.391471456092151e-10
3424943924.682131,7.552851500576947e-10
3503922206.311042,7.716427061366045e-10
3584721705.777741,7.882178760808821e-10
3667384419.873553,8.050083736975643e-10
3751953313.824462,8.220115501851534e-10
3838472343.622959,8.392243805425762e-10
3926986478.874845,8.566434506893476e-10
4017541726.172883,8.742649454249647e-10
4110185153.009435,8.920846373613291e-10
4204964912.240522,9.100978769670742e-10
4301930267.114017,9.282995838667757e-10
4401131616.874976,9.466842395411e-10
4502620522.961436,9.652458815757261e-10
4606449735.804262,9.839780996072033e-10
4712673222.245004,1.002874033112681e-09
4821346193.585998,1.02192637118739e-09
4932525134.287298,1.041127354448808e-09
5046267831.325347,1.060468779199428e-09
5162633404.228651,1.079942003970845e-09
5281682335.806074,1.099537958560484e-09
5403476503.583712,1.119247155658471e-09
5528079211.966695,1.139059705146162e-09
5655555225.142634,1.158965331129444e-09
5785970800.743812,1.178953391749382e-09
5919393724.285607,1.199012901790147e-09
6055893344.399075,1.219132558079635e-09
6195540608.875963,1.239300767651958e-09
6338408101.544934,1.259505678613465e-09
6484570079.998128,1.279735213625338e-09
6634102514.187699,1.299977105886575e-09
6787083125.912374,1.320218937471762e-09
6943591429.214562,1.340448179848893e-09
7103708771.709008,1.360652236374052e-09
7267518376.864476,1.380818486532776e-09
7435105387.260438,1.400934331672537e-09
7606556908.841244,1.420987241947843e-09
7781962056.19079,1.440964804179357e-09
7961411998.851202,1.460854770311456e-09
8145000008.709617,1.480645106139578e-09
8332821508.477691,1.500324039969459e-09
8524974121.289031,1.519880110865586e-09
8721557721.440332,1.539302216145852e-09
8922674486.302591,1.558579657783729e-09
9128428949.429373,1.577702187388189e-09
9338928054.88975,1.59666004944514e-09
9554281212.854132,1.615444022522013e-09
9774600356.461903,1.634045458159106e-09
10000000000,1.65245631719698e-09
